id,name,author,enrolls,description,image,link,overall_rating,catagory,platform,university,released_date,country,language,price,duration,certificate,material_type,added_by,num_of_reviews,num_of_ratings,image_mobile,total_ratings
982,Basics of Investing,Karthik Rangappa,0,"Investing ensures financial security, and the Stock market plays a pivotal role in this domain, it is a place where people buy/sell shares of publicly listed companies. In this module, you will learn about the fundamentals of the stock market, how to get started, how it functions and the various intermediaries that appertain it.",https://res.cloudinary.com/hire-easy/image/upload/v1662628662/varsity_m0eyt2.jpg,https://zerodha.com/varsity/,4.0,Finance,zerodha.com/varsity/,"",2022-09-08,India,English,0,4,true,Textual,Neesham,0,0,https://res.cloudinary.com/hire-easy/image/upload/v1662628662/varsity_m0eyt2.jpg,0
2,A Crash Course in Data Science,Johns Hopkins University,130k,"","",https://www.coursera.org/search?query=A Crash Course in Data Science,4.5,Computer Science,Coursera,Johns Hopkins University,2022-08-18,India,English,0,4,false,Videos,Neesham,0,0,,0
875,10 FREE Blogging Tools That Will Make You a Better Blogger,Tyler Speegle,322105,Discover 10 blogging tools for increasing your blogging and writing productivity. The ultimate blogging tools course!,https://img-c.udemycdn.com/course/240x135/1333640_cba0.jpg,https://www.udemy.com/course/10-free-blogging-tools/,2.0,Computer Science,Udemy,"",2022-09-02,India,English,500,4,false,Videos,Neesham,0,0,https://img-c.udemycdn.com/course/125_H/1333640_cba0.jpg,0
876,100 Days of Code: The Complete Python Pro Bootcamp for 2022,Dr. Angela Yu,600540,"Master Python by building 100 projects in 100 days. Learn data science, automation, build websites, games and apps!",https://s.udemycdn.com/premium-clp/2776760/CourseImage-240x135.jpg,https://www.udemy.com/course/100-days-of-code/,1.0,Computer Science,Udemy,"",2022-09-02,India,English,500,4,false,Videos,Neesham,0,0,https://img-c.udemycdn.com/course/125_H/2776760_f176_10.jpg,0
877,2022 Complete Python Bootcamp From Zero to Hero in Python,Jose Portilla,203501,Learn Python like a Professional  Start from the basics and go all the way to creating your own applications and games,https://s.udemycdn.com/premium-clp/567828/CourseImage-240x135.jpg,https://www.udemy.com/course/complete-python-bootcamp/,2.0,Computer Science,Udemy,"",2022-09-02,India,English,500,4,false,Videos,Neesham,0,0,https://img-c.udemycdn.com/course/125_H/567828_67d0.jpg,0
993,Data Structures and Algorithms,Codehelp - by Babbar,0,"Master the complete DSA, placement cource in C++ language, best competitive programming language.",https://image.telegram-group.org/Uploads/2022/08/RywshOJnhv.jpg,https://youtube.com/playlist?list=PLDzeHZWIZsToJ9zSl4-5BfOBzAR0fm--f,8.0,Computer Science,YouTube,"",2022-11-23,India,English,0,4,false,Videos,Neesham,0,0,https://image.telegram-group.org/Uploads/2022/08/RywshOJnhv.jpg,0
10,AI for Medical Prognosis,deeplearning.ai,4k,"","",https://www.coursera.org/search?query=AI for Medical Prognosis,4.6,Computer Science,Coursera,deeplearning.ai,2022-08-18,India,English,0,4,false,Videos,Neesham,0,0,,0
881,Advanced Databases and SQL Querying,Rakesh Gopalakrishnan,293752,Learn advanced T-SQL Querying concepts. Go from a beginner SQL programmer to writing complex SQL Queries.,https://img-c.udemycdn.com/course/240x135/584648_1cad_3.jpg,https://www.udemy.com/course/advanced-tsql-querying-using-sql-2014/,1.0,Computer Science,Udemy,"",2022-09-02,India,English,500,4,false,Videos,Neesham,0,0,https://img-c.udemycdn.com/course/125_H/584648_1cad_3.jpg,0
12,AWS Fundamentals,Amazon Web Services,130k,"","",https://www.coursera.org/search?query=AWS Fundamentals,4.6,Computer Science,Coursera,Amazon Web Services,2022-08-18,India,English,0,4,false,Videos,Neesham,0,0,,0
13,AWS Fundamentals: Addressing Security Risk,Amazon Web Services,11k,"","",https://www.coursera.org/search?query=AWS Fundamentals: Addressing Security Risk,4.3,Computer Science,Coursera,Amazon Web Services,2022-08-18,India,English,0,4,false,Videos,Neesham,0,0,,0
882,Agile PM 101 - Learn the Truth About Agile versus Waterfall,Agile Project Management Academy - Chuck Cobb,513985,"Learn to See Agile and Waterfall in a Fresh, New Perspective as Complementary Rather Than Competitive",https://img-b.udemycdn.com/course/240x135/352440_01ad_6.jpg,https://www.udemy.com/course/learn-the-truth-about-agile-versus-waterfall/,1.0,Computer Science,Udemy,"",2022-09-02,India,English,500,4,false,Videos,Neesham,0,0,https://img-b.udemycdn.com/course/125_H/352440_01ad_6.jpg,0
16,AWS Fundamentals: Migrating to the Cloud,Amazon Web Services,13k,"","",https://www.coursera.org/search?query=AWS Fundamentals: Migrating to the Cloud,4.5,Computer Science,Coursera,Amazon Web Services,2022-08-18,India,English,0,4,false,Videos,Neesham,0,0,,0
21,Accounting Analytics,University of Pennsylvania,80k,"","",https://www.coursera.org/search?query=Accounting Analytics,4.5,Computer Science,Coursera,University of Pennsylvania,2022-08-18,India,English,0,4,false,Videos,Neesham,0,0,,0
26,Advanced Business Analytics,University of Colorado Boulder,78k,"","",https://www.coursera.org/search?query=Advanced Business Analytics,4.5,Computer Science,Coursera,University of Colorado Boulder,2022-08-18,India,English,0,4,false,Videos,Neesham,0,0,,0
27,Advanced Data Science with IBM,IBM,320k,"","",https://www.coursera.org/search?query=Advanced Data Science with IBM,4.4,Computer Science,Coursera,IBM,2022-08-18,India,English,0,4,false,Videos,Neesham,0,0,,0
28,Advanced Machine Learning,National Research University Higher School of Economics,190k,"","",https://www.coursera.org/search?query=Advanced Machine Learning,4.5,Computer Science,Coursera,National Research University Higher School of Economics,2022-08-18,India,English,0,4,false,Videos,Neesham,0,0,,0
29,Advanced Machine Learning with TensorFlow on Google Cloud Platform,Google Cloud,35k,"","",https://www.coursera.org/search?query=Advanced Machine Learning with TensorFlow on Google Cloud Platform,4.5,Computer Science,Coursera,Google Cloud,2022-08-18,India,English,0,4,false,Videos,Neesham,0,0,,0
883,Amazon Web Services (AWS) - Zero to Hero,BackSpace Academy,537738,"Beginners, Zero to Hero. AWS EC2 web server, NodeJS Server, AWS RDS database server, S3, SES & CloudWatch. FREE",https://img-b.udemycdn.com/course/240x135/1331946_ed41_4.jpg,https://www.udemy.com/course/amazon-web-services-aws-v/,4.0,Computer Science,Udemy,"",2022-09-02,India,English,500,4,false,Videos,Neesham,0,0,https://img-b.udemycdn.com/course/125_H/1331946_ed41_4.jpg,0
886,Become an Android Developer from Scratch,Adam Lupu,717282,Simply the best place to start learning Android Development.,https://img-b.udemycdn.com/course/240x135/146156_c2cc_4.jpg,https://www.udemy.com/course/become-an-android-developer-from-scratch/,4.5,Computer Science,Udemy,"",2022-09-02,India,English,500,4,false,Videos,Neesham,0,0,https://img-b.udemycdn.com/course/125_H/146156_c2cc_4.jpg,9
890,Build Your First Website in 1 Week with HTML5 and CSS3,Ryan Bonhardt,971734,The Fastest Way to Learn HTML & CSS for the Real World,https://img-c.udemycdn.com/course/240x135/173548_c3e1_2.jpg,https://www.udemy.com/course/build-your-first-website-in-1-week/,3.0,Computer Science,Udemy,"",2022-09-02,India,English,500,4,false,Videos,Neesham,0,0,https://img-c.udemycdn.com/course/125_H/173548_c3e1_2.jpg,0
891,"Build a Quiz App with HTML, CSS, and JavaScript",James Quick,963131,"Improve your core development skills by building a Quiz App with HTML, CSS, and JavaScript",https://img-c.udemycdn.com/course/240x135/2223252_0708.jpg,https://www.udemy.com/course/build-a-quiz-app-with-html-css-and-javascript/,4.0,Computer Science,Udemy,"",2022-09-02,India,English,500,4,false,Videos,Neesham,0,0,https://img-c.udemycdn.com/course/125_H/2223252_0708.jpg,0
892,C++ Tutorial for Complete Beginners,John Purcell,40046,"How to program in the popular (and tricky!) C++ programming language, for complete beginners.",https://img-c.udemycdn.com/course/240x135/247190_5cb0_2.jpg,https://www.udemy.com/course/free-learn-c-tutorial-beginners/,1.0,Computer Science,Udemy,"",2022-09-02,India,English,500,4,false,Videos,Neesham,0,0,https://img-c.udemycdn.com/course/125_H/247190_5cb0_2.jpg,0
43,An Introduction to Programming the Internet of Things (IOT),"University of California, Irvine",270k,"","",https://www.coursera.org/search?query=An Introduction to Programming the Internet of Things (IOT),4.6,Computer Science,Coursera,"University of California, Irvine",2022-08-18,India,English,0,4,false,Videos,Neesham,0,0,,0
49,Android App Development,Vanderbilt University,120k,"","",https://www.coursera.org/search?query=Android App Development,4.5,Computer Science,Coursera,Vanderbilt University,2022-08-18,India,English,0,4,false,Videos,Neesham,0,0,,0
51,Antibiotic Stewardship,Stanford University,11k,"","",https://www.coursera.org/search?query=Antibiotic Stewardship,4.5,Computer Science,Coursera,Stanford University,2022-08-18,India,English,0,4,false,Videos,Neesham,0,0,,0
885,"Basics of Scrum, Agile and Project Delivery",SCRUMstudy Certification,261803,The Scrum Body of Knowledge (SBOK™) provides guidelines for the successful implementation of Scrum methodology.,https://img-c.udemycdn.com/course/240x135/151198_265f_2.jpg,https://www.udemy.com/course/scrum-methodology/,1.0,Computer Science,Udemy,"",2022-09-02,India,English,500,4,false,Videos,Neesham,0,0,https://img-c.udemycdn.com/course/125_H/151198_265f_2.jpg,0
54,Applied Data Science,IBM,220k,"","",https://www.coursera.org/search?query=Applied Data Science,4.6,Computer Science,Coursera,IBM,2022-08-18,India,English,0,4,false,Videos,Neesham,0,0,,0
895,Code Your First Game: Arcade Classic in JavaScript on Canvas,Chris DeLeon,716330,Program a complete game today. No special software or install required. All you need is a text editor and a web browser.,https://img-b.udemycdn.com/course/240x135/387820_93f0_5.jpg,https://www.udemy.com/course/code-your-first-game/,3.0,Computer Science,Udemy,"",2022-09-02,India,English,500,4,false,Videos,Neesham,0,0,https://img-b.udemycdn.com/course/125_H/387820_93f0_5.jpg,0
56,Applied Data Science with Python,University of Michigan,480k,"","",https://www.coursera.org/search?query=Applied Data Science with Python,4.5,Computer Science,Coursera,University of Michigan,2022-08-18,India,English,0,4,false,Videos,Neesham,0,0,,0
57,Applied Machine Learning in Python,University of Michigan,150k,"","",https://www.coursera.org/search?query=Applied Machine Learning in Python,4.6,Computer Science,Coursera,University of Michigan,2022-08-18,India,English,0,4,false,Videos,Neesham,0,0,,0
58,"Applied Plotting, Charting & Data Representation in Python",University of Michigan,97k,"","","https://www.coursera.org/search?query=Applied Plotting, Charting & Data Representation in Python",4.6,Computer Science,Coursera,University of Michigan,2022-08-18,India,English,0,4,false,Videos,Neesham,0,0,,0
896,Coding Essentials - Logic Building for Beginners,Prateek Narang,990600,"Enter the world of programming, learn fundamental building blocks of programming & problem solving for beginners.",https://img-c.udemycdn.com/course/240x135/4481530_e919_2.jpg,https://www.udemy.com/course/learn-coding-for-beginners/,4.0,Computer Science,Udemy,"",2022-09-02,India,English,500,4,false,Videos,Neesham,0,0,https://img-c.udemycdn.com/course/125_H/4481530_e919_2.jpg,0
62,Architecting with Google Cloud Platform 日本語版,Google Cloud,4.2k,"","",https://www.coursera.org/search?query=Architecting with Google Cloud Platform 日本語版,4.5,Computer Science,Coursera,Google Cloud,2022-08-18,India,English,0,4,false,Videos,Neesham,0,0,,0
64,Architecting with Google Kubernetes Engine 日本語版,Google Cloud,3.9k,"","",https://www.coursera.org/search?query=Architecting with Google Kubernetes Engine 日本語版,4.5,Computer Science,Coursera,Google Cloud,2022-08-18,India,English,0,4,false,Videos,Neesham,0,0,,0
899,Create a 3D character in Blender from scratch,Raymond Gabriel,623928,Step by step guide to model a 3D character and texture it,https://img-c.udemycdn.com/course/240x135/3319164_ebd9.jpg,https://www.udemy.com/course/create-a-3d-character-in-blender/,3.0,Computer Science,Udemy,"",2022-09-02,India,English,500,4,false,Videos,Neesham,0,0,https://img-c.udemycdn.com/course/125_H/3319164_ebd9.jpg,0
900,Creating Your First Game in Unreal Engine 5,UNF Games,959864,Learn to create your first game in Unreal Engine 5 using Blueprints,https://img-c.udemycdn.com/course/240x135/4581130_ec38_2.jpg,https://www.udemy.com/course/creating-your-first-game-in-unreal-engine-5/,3.0,Computer Science,Udemy,"",2022-09-02,India,English,500,4,false,Videos,Neesham,0,0,https://img-c.udemycdn.com/course/125_H/4581130_ec38_2.jpg,0
901,Cyber Security Course for Beginners - Level 01,FourthWall Technologies,642254,Learn the Security Fundamentals required for your everyday online presence.,https://img-c.udemycdn.com/course/240x135/1117528_f38f.jpg,https://www.udemy.com/course/certified-secure-netizen/,0.0,Computer Science,Udemy,"",2022-09-02,India,English,500,4,false,Videos,Neesham,0,0,https://img-c.udemycdn.com/course/125_H/1117528_f38f.jpg,0
902,Deep Learning Prerequisites: The Numpy Stack in Python V2,Lazy Programmer Team,979845,"Numpy, Scipy, Pandas, and Matplotlib: prep for deep learning, machine learning, and artificial intelligence",https://img-b.udemycdn.com/course/240x135/3060786_438f_2.jpg,https://www.udemy.com/course/numpy-python/,4.0,Computer Science,Udemy,"",2022-09-02,India,English,500,4,false,Videos,Neesham,0,0,https://img-b.udemycdn.com/course/125_H/3060786_438f_2.jpg,0
903,DevOps - The Introduction Course,Mumshad Mannambeth,924754,The Swiss Army Knife of DevOps and Cloud courses. Introduced basic DevOps concepts to an Absolute Beginner,https://img-c.udemycdn.com/course/240x135/1735956_d519.jpg,https://www.udemy.com/course/learn-devops/,3.0,Computer Science,Udemy,"",2022-09-02,India,English,500,4,false,Videos,Neesham,0,0,https://img-c.udemycdn.com/course/125_H/1735956_d519.jpg,0
904,Developing app using Flutter - May 2022,Proton Expert Systems & Solutions,655221,"Flutter, android app, Weather app, MySQL, Firebase, cloud firestore database, Rest APIs",https://img-c.udemycdn.com/course/240x135/4609182_3653.jpg,https://www.udemy.com/course/developing-app-using-flutter/,3.0,Computer Science,Udemy,"",2022-09-02,India,English,500,4,false,Videos,Neesham,0,0,https://img-c.udemycdn.com/course/125_H/4609182_3653.jpg,0
912,Excel Dashboards in an Hour,Mynda Treacy,821142,"Learn how to create interactive Excel Dashboards in one hour. No special add-ins or tools required, just Excel.",https://img-c.udemycdn.com/course/240x135/926630_7e9d_2.jpg,https://www.udemy.com/course/excel-dashboards-in-an-hour/,3.8,Computer Science,Udemy,"",2022-09-02,India,English,500,4,false,Videos,Neesham,0,0,https://img-c.udemycdn.com/course/125_H/926630_7e9d_2.jpg,19
79,Basic Statistics,University of Amsterdam,180k,"","",https://www.coursera.org/search?query=Basic Statistics,4.6,Computer Science,Coursera,University of Amsterdam,2022-08-18,India,English,0,4,false,Videos,Neesham,0,0,,0
87,Behavioral Finance,Duke University,55k,"","",https://www.coursera.org/search?query=Behavioral Finance,4.4,Computer Science,Coursera,Duke University,2022-08-18,India,English,0,4,false,Videos,Neesham,0,0,,0
89,Big Data – Introducción al uso práctico de datos masivos,Universitat Autònoma de Barcelona,8.8k,"","",https://www.coursera.org/search?query=Big Data – Introducción al uso práctico de datos masivos,4.5,Computer Science,Coursera,Universitat Autònoma de Barcelona,2022-08-18,India,English,0,4,false,Videos,Neesham,0,0,,0
91,Biology Meets Programming: Bioinformatics for Beginners,University of California San Diego,88k,"","",https://www.coursera.org/search?query=Biology Meets Programming: Bioinformatics for Beginners,4.4,Computer Science,Coursera,University of California San Diego,2022-08-18,India,English,0,4,false,Videos,Neesham,0,0,,0
913,Excel: From beginner to intermediate,Phillip Burton,726417,Learn the skills that Microsoft want you to know in Excel.,https://img-b.udemycdn.com/course/240x135/2483442_ae27_6.jpg,https://www.udemy.com/course/excel-2019-beginner-to-microsoft-intermediate/,0.0,Computer Science,Udemy,"",2022-09-02,India,English,500,4,false,Videos,Neesham,0,0,https://img-b.udemycdn.com/course/125_H/2483442_ae27_6.jpg,0
94,Blockchain,University at Buffalo,68k,"","",https://www.coursera.org/search?query=Blockchain,4.6,Computer Science,Coursera,University at Buffalo,2022-08-18,India,English,0,4,false,Videos,Neesham,0,0,,0
96,Blockchain Revolution in Financial Services,INSEAD,1.6k,"","",https://www.coursera.org/search?query=Blockchain Revolution in Financial Services,4.6,Computer Science,Coursera,INSEAD,2022-08-18,India,English,0,4,false,Videos,Neesham,0,0,,0
915,FREE Microsoft Dynamics 365 For Beginners (Updated for 2021),Online CRM Training (3E Consulting Private Limited),993747,Learn the basics to become an Expert of Microsoft Dynamics 365 (CRM) Enterprise Solution and Boost Your Career Growth.,https://img-c.udemycdn.com/course/240x135/680886_5a75_9.jpg,https://www.udemy.com/course/microsoft-dynamics-crm-introduction-course/,3.0,Computer Science,Udemy,"",2022-09-02,India,English,500,4,false,Videos,Neesham,0,0,https://img-c.udemycdn.com/course/125_H/680886_5a75_9.jpg,3
104,Building Batch Data Pipelines on GCP,Google Cloud,7.3k,"","",https://www.coursera.org/search?query=Building Batch Data Pipelines on GCP,4.5,Computer Science,Coursera,Google Cloud,2022-08-18,India,English,0,4,false,Videos,Neesham,0,0,,0
105,Building Conversational Experiences with Dialogflow,Google Cloud,22k,"","",https://www.coursera.org/search?query=Building Conversational Experiences with Dialogflow,4.5,Computer Science,Coursera,Google Cloud,2022-08-18,India,English,0,4,false,Videos,Neesham,0,0,,0
107,Building Scalable Java Microservices with Spring Boot and Spring Cloud,Google Cloud,24k,"","",https://www.coursera.org/search?query=Building Scalable Java Microservices with Spring Boot and Spring Cloud,4.3,Computer Science,Coursera,Google Cloud,2022-08-18,India,English,0,4,false,Videos,Neesham,0,0,,0
108,Building Your Leadership Skills,HEC Paris,67k,"","",https://www.coursera.org/search?query=Building Your Leadership Skills,4.5,Computer Science,Coursera,HEC Paris,2022-08-18,India,English,0,4,false,Videos,Neesham,0,0,,0
917,Foundations of Front-End Web Development,Davide Molin,662885,Learn the skills to quickly start a career in Front-End Development today!,https://img-c.udemycdn.com/course/240x135/311538_d31f_3.jpg,https://www.udemy.com/course/foundations-of-front-end-development/,1.0,Computer Science,Udemy,"",2022-09-02,India,English,500,4,false,Videos,Neesham,0,0,https://img-c.udemycdn.com/course/125_H/311538_d31f_3.jpg,0
919,Git & GitHub Crash Course: Create a Repository From Scratch!,Kalob Taulien,888621,"Learn how to create a Git repository, clone it, make changes, and submit changes to GitHub in less than 30 minutes.",https://img-b.udemycdn.com/course/240x135/1731774_b53c_2.jpg,https://www.udemy.com/course/git-and-github-crash-course-creating-a-repository-from-scratch/,4.0,Computer Science,Udemy,"",2022-09-02,India,English,500,4,false,Videos,Neesham,0,0,https://img-b.udemycdn.com/course/125_H/1731774_b53c_2.jpg,0
920,Git Started with GitHub,Jason Taylor,890382,"Learn the basics of Git and GitHub, with clear, step-by-step instructions by a highly rated teacher.",https://img-c.udemycdn.com/course/240x135/500632_e820.jpg,https://www.udemy.com/course/git-started-with-github/,0.0,Computer Science,Udemy,"",2022-09-02,India,English,500,4,false,Videos,Neesham,0,0,https://img-c.udemycdn.com/course/125_H/500632_e820.jpg,0
921,HTML5 and CSS3 Fundamentals,Stone River eLearning,718606,Build your very own website with HTML5 from scratch using HTML5 and CSS3 - designed for complete beginners,https://img-b.udemycdn.com/course/240x135/594360_bee2_2.jpg,https://www.udemy.com/course/html5-fundamentals-for-beginners/,0.0,Computer Science,Udemy,"",2022-09-02,India,English,500,4,false,Videos,Neesham,0,0,https://img-b.udemycdn.com/course/125_H/594360_bee2_2.jpg,0
122,C for Everyone: Programming Fundamentals,"University of California, Santa Cruz",31k,"","",https://www.coursera.org/search?query=C for Everyone: Programming Fundamentals,4.5,Computer Science,Coursera,"University of California, Santa Cruz",2022-08-18,India,English,0,4,false,Videos,Neesham,0,0,,0
129,Career Success,"University of California, Irvine",790k,"","",https://www.coursera.org/search?query=Career Success,4.4,Computer Science,Coursera,"University of California, Irvine",2022-08-18,India,English,0,4,false,Videos,Neesham,0,0,,0
923,How To Build And Make A Wordpress Website From Scratch 2022,Ido Moskovits,347890,Take your business one step further. Make and build a beautiful and successful website. Learn & master Wordpress easily!,https://img-c.udemycdn.com/course/240x135/1041426_5b20_4.jpg,https://www.udemy.com/course/how-to-build-and-make-a-wordpress-website-from-scratch-2017/,1.0,Computer Science,Udemy,"",2022-09-02,India,English,500,4,false,Videos,Neesham,0,0,https://img-c.udemycdn.com/course/125_H/1041426_5b20_4.jpg,0
930,Intro to Linux Shell Scripting (Free course),Jason Cannon,952916,Get up to speed with Linux shell scripting quickly,https://img-c.udemycdn.com/course/240x135/1675864_0386_3.jpg,https://www.udemy.com/course/linux-shell-scripting-free/,5.0,Computer Science,Udemy,"",2022-09-02,India,English,500,4,false,Videos,Neesham,0,0,https://img-c.udemycdn.com/course/125_H/1675864_0386_3.jpg,0
931,Introduction To Python Programming,Avinash Jain,417757,A Quick and Easy Intro into Python Programming,https://img-c.udemycdn.com/course/240x135/433798_1de9_4.jpg,https://www.udemy.com/course/pythonforbeginnersintro/,0.0,Computer Science,Udemy,"",2022-09-02,India,English,500,4,false,Videos,Neesham,0,0,https://img-c.udemycdn.com/course/125_H/433798_1de9_4.jpg,0
140,Cloud Computing,University of Illinois at Urbana-Champaign,110k,"","",https://www.coursera.org/search?query=Cloud Computing,4.4,Computer Science,Coursera,University of Illinois at Urbana-Champaign,2022-08-18,India,English,0,4,false,Videos,Neesham,0,0,,0
141,Cloud Computing Basics (Cloud 101),LearnQuest,37k,"","",https://www.coursera.org/search?query=Cloud Computing Basics (Cloud 101),4.5,Computer Science,Coursera,LearnQuest,2022-08-18,India,English,0,4,false,Videos,Neesham,0,0,,0
933,Introduction to Cryptocurrencies and Blockchain,Vizitech Solutions,853867,An Introduction to Cryptocurrencies: Get a functional and economic understanding of this new radical technology.,https://img-c.udemycdn.com/course/240x135/1188742_f853_2.jpg,https://www.udemy.com/course/introduction-to-cryptocurrencies/,0.0,Computer Science,Udemy,"",2022-09-02,India,English,500,4,false,Videos,Neesham,0,0,https://img-c.udemycdn.com/course/125_H/1188742_f853_2.jpg,0
932,Introduction to Cloud Computing,Xavier Corbett,547723,"Welcome to the Cloud... now, what is it?",https://img-c.udemycdn.com/course/240x135/742114_9596_3.jpg,https://www.udemy.com/course/introduction-to-cloud-computing/,5.0,Computer Science,Udemy,"",2022-09-02,India,English,500,4,false,Videos,Neesham,0,0,https://img-c.udemycdn.com/course/125_H/742114_9596_3.jpg,5
152,Computer Security and Systems Management,University of Colorado System,27k,"","",https://www.coursera.org/search?query=Computer Security and Systems Management,4.6,Computer Science,Coursera,University of Colorado System,2022-08-18,India,English,0,4,false,Videos,Neesham,0,0,,0
153,Conflict Management,"University of California, Irvine",66k,"","",https://www.coursera.org/search?query=Conflict Management,4.3,Computer Science,Coursera,"University of California, Irvine",2022-08-18,India,English,0,4,false,Videos,Neesham,0,0,,0
934,Introduction to Databases and SQL Querying,Rakesh Gopalakrishnan,385347,A step by step introduction to the concept of Databases and Introduction to SQL Querying.,https://img-c.udemycdn.com/course/240x135/552672_e2b6_5.jpg,https://www.udemy.com/course/introduction-to-databases-and-sql-querying/,5.0,Computer Science,Udemy,"",2022-09-02,India,English,500,4,false,Videos,Neesham,0,0,https://img-c.udemycdn.com/course/125_H/552672_e2b6_5.jpg,0
937,Java Database Connection: JDBC and MySQL,Chad Darby,751510,Learn how to connect to a MySQL database with Java JDBC,https://img-c.udemycdn.com/course/240x135/366280_5908_2.jpg,https://www.udemy.com/course/how-to-connect-java-jdbc-to-mysql/,3.0,Computer Science,Udemy,"",2022-09-02,India,English,500,4,false,Videos,Neesham,0,0,https://img-c.udemycdn.com/course/125_H/366280_5908_2.jpg,0
938,Java Tutorial for Complete Beginners,John Purcell,698987,Learn to program using the Java programming language,https://img-c.udemycdn.com/course/240x135/24823_963e_14.jpg,https://www.udemy.com/course/java-tutorial/,1.0,Computer Science,Udemy,"",2022-09-02,India,English,500,4,false,Videos,Neesham,0,0,https://img-c.udemycdn.com/course/125_H/24823_963e_14.jpg,0
160,Continuous Delivery & DevOps,University of Virginia,26k,"","",https://www.coursera.org/search?query=Continuous Delivery & DevOps,4.6,Computer Science,Coursera,University of Virginia,2022-08-18,India,English,0,4,false,Videos,Neesham,0,0,,0
939,Javascript Essentials,Lawrence Turton,338326,"Learn how Javascript works, some basic API's and finally create a mini project.",https://img-c.udemycdn.com/course/240x135/707962_71f5_4.jpg,https://www.udemy.com/course/javascript-essentials/,3.0,Computer Science,Udemy,"",2022-09-02,India,English,500,4,false,Videos,Neesham,0,0,https://img-c.udemycdn.com/course/125_H/707962_71f5_4.jpg,0
983,Basics of Programming,David J. Malan,0,"Introduction to Computer Science from Harvard, better known as CS50, is the largest course on the Harvard campus and more than 2,000,000 learners worldwide have registered for the course on edX. We are excited to offer a series of introductory CS50 courses and Professional Certificate programs from Harvard that are open to learners of all backgrounds looking to explore computer science, mobile app and game development, business technologies, and the art of programming.",https://res.cloudinary.com/hire-easy/image/upload/v1662628874/cs50-logo_ltjltu.jpg,https://cs50.harvard.edu/x/2022/,7.0,Computer Science,cs50.harvard.edu,"",2022-09-08,India,English,0,4,true,Videos,Neesham,0,0,https://res.cloudinary.com/hire-easy/image/upload/v1662628874/cs50-logo_ltjltu.jpg,0
941,Learn Android Application Development,ProgramMe Programming,859689,A beginner course on Android Application development,https://img-c.udemycdn.com/course/240x135/1325686_e03b_3.jpg,https://www.udemy.com/course/learn-android-application-development-y/,1.0,Computer Science,Udemy,"",2022-09-02,India,English,500,4,false,Videos,Neesham,0,0,https://img-c.udemycdn.com/course/125_H/1325686_e03b_3.jpg,0
944,Learn Python Language Fundamentals In Simple Way,DURGASOFT DURGA,445268,To Know Basics of Python and To Enter Python World Very Easily,https://img-c.udemycdn.com/course/240x135/2333118_2a97_5.jpg,https://www.udemy.com/course/learn-python-language-fundamentals-in-simple-way/,4.0,Computer Science,Udemy,"",2022-09-02,India,English,500,4,false,Videos,Neesham,0,0,https://img-c.udemycdn.com/course/125_H/2333118_2a97_5.jpg,0
172,Creative Problem Solving,University of Minnesota,140k,"","",https://www.coursera.org/search?query=Creative Problem Solving,4.3,Computer Science,Coursera,University of Minnesota,2022-08-18,India,English,0,4,false,Videos,Neesham,0,0,,0
945,Learn Python for Total Beginners,Michael S Russell,761748,From newbie to pro in a day with 7 brain teasing exercises and full solutions provided.,https://img-c.udemycdn.com/course/240x135/1413516_9f4b_2.jpg,https://www.udemy.com/course/python-3-for-total-beginners/,3.0,Computer Science,Udemy,"",2022-09-02,India,English,500,4,false,Videos,Neesham,0,0,https://img-c.udemycdn.com/course/125_H/1413516_9f4b_2.jpg,0
181,Cybersecurity,"University of Maryland, College Park",99k,"","",https://www.coursera.org/search?query=Cybersecurity,4.5,Computer Science,Coursera,"University of Maryland, College Park",2022-08-18,India,English,0,4,false,Videos,Neesham,0,0,,0
182,Cybersecurity and Its Ten Domains,University System of Georgia,140k,"","",https://www.coursera.org/search?query=Cybersecurity and Its Ten Domains,4.2,Computer Science,Coursera,University System of Georgia,2022-08-18,India,English,0,4,false,Videos,Neesham,0,0,,0
985,The Complete 2022 Web Development Bootcamp,Angela Yu,0,"Welcome to the Complete Web Development Bootcamp, the only course you need to learn to code and become a full-stack web developer. With 150,000+ ratings and a 4.8 average, my Web Development course is one of the HIGHEST RATED courses in the history of Udemy",https://res.cloudinary.com/hire-easy/image/upload/v1662629444/angela-Yu_a7tnj7.jpg,https://www.udemy.com/course/the-complete-web-development-bootcamp/,5.0,Computer Science,Udemy,"",2022-09-08,India,English,499,4,true,Videos,Neesham,0,0,https://res.cloudinary.com/hire-easy/image/upload/v1662629444/angela-Yu_a7tnj7.jpg,0
186,Data Analysis and Interpretation,Wesleyan University,100k,"","",https://www.coursera.org/search?query=Data Analysis and Interpretation,4.4,Computer Science,Coursera,Wesleyan University,2022-08-18,India,English,0,4,false,Videos,Neesham,0,0,,0
948,Linux Tutorials and Projects (Free),Jason Cannon,183119,"Free Tutorials Including Load Balancing, MySQL Replication, SSL Certificate Management and More.",https://img-c.udemycdn.com/course/240x135/1380080_97b2_4.jpg,https://www.udemy.com/course/linux-tutorials/,1.0,Computer Science,Udemy,"",2022-09-02,India,English,500,4,false,Videos,Neesham,0,0,https://img-c.udemycdn.com/course/125_H/1380080_97b2_4.jpg,0
191,Data Engineering on Google Cloud Platform 日本語版,Google Cloud,3k,"","",https://www.coursera.org/search?query=Data Engineering on Google Cloud Platform 日本語版,4.4,Computer Science,Coursera,Google Cloud,2022-08-18,India,English,0,4,false,Videos,Neesham,0,0,,0
195,Data Mining,University of Illinois at Urbana-Champaign,140k,"","",https://www.coursera.org/search?query=Data Mining,4.4,Computer Science,Coursera,University of Illinois at Urbana-Champaign,2022-08-18,India,English,0,4,false,Videos,Neesham,0,0,,0
196,Data Science,Johns Hopkins University,830k,"","",https://www.coursera.org/search?query=Data Science,4.5,Computer Science,Coursera,Johns Hopkins University,2022-08-18,India,English,0,4,false,Videos,Neesham,0,0,,0
197,Data Science Math Skills,Duke University,140k,"","",https://www.coursera.org/search?query=Data Science Math Skills,4.5,Computer Science,Coursera,Duke University,2022-08-18,India,English,0,4,false,Videos,Neesham,0,0,,0
198,Data Science Methodology,IBM,89k,"","",https://www.coursera.org/search?query=Data Science Methodology,4.6,Computer Science,Coursera,IBM,2022-08-18,India,English,0,4,false,Videos,Neesham,0,0,,0
199,Data Science: Foundations using R,Johns Hopkins University,740k,"","",https://www.coursera.org/search?query=Data Science: Foundations using R,4.6,Computer Science,Coursera,Johns Hopkins University,2022-08-18,India,English,0,4,false,Videos,Neesham,0,0,,0
200,Data Science: Statistics and Machine Learning,Johns Hopkins University,210k,"","",https://www.coursera.org/search?query=Data Science: Statistics and Machine Learning,4.4,Computer Science,Coursera,Johns Hopkins University,2022-08-18,India,English,0,4,false,Videos,Neesham,0,0,,0
203,Data Visualization with Python,IBM,66k,"","",https://www.coursera.org/search?query=Data Visualization with Python,4.6,Computer Science,Coursera,IBM,2022-08-18,India,English,0,4,false,Videos,Neesham,0,0,,0
204,Data Visualization with Tableau,"University of California, Davis",96k,"","",https://www.coursera.org/search?query=Data Visualization with Tableau,4.5,Computer Science,Coursera,"University of California, Davis",2022-08-18,India,English,0,4,false,Videos,Neesham,0,0,,0
205,Data Warehousing for Business Intelligence,University of Colorado System,140k,"","",https://www.coursera.org/search?query=Data Warehousing for Business Intelligence,4.5,Computer Science,Coursera,University of Colorado System,2022-08-18,India,English,0,4,false,Videos,Neesham,0,0,,0
952,Microsoft Excel - Excel from Beginner to Advanced,Kyle Pew,705316,"Excel with this A-Z Microsoft Excel Course. Microsoft Excel 2010, 2013, 2016, Excel 2019 and Microsoft/Office 365",https://img-c.udemycdn.com/course/240x135/793796_0e89_2.jpg,https://www.udemy.com/course/microsoft-excel-2013-from-beginner-to-advanced-and-beyond/,0.0,Computer Science,Udemy,"",2022-09-02,India,English,500,4,false,Videos,Neesham,0,0,https://img-c.udemycdn.com/course/125_H/793796_0e89_2.jpg,0
214,Dermatology: Trip to skin,Novosibirsk State University ,8.2k,"","",https://www.coursera.org/search?query=Dermatology: Trip to skin,4.4,Computer Science,Coursera,Novosibirsk State University ,2022-08-18,India,English,0,4,false,Videos,Neesham,0,0,,0
956,PowerPoint for Beginners - Program & Animation Basics FREE,Andrew Pach,123900,PowerPoint basics is a free course where you learn basics about the software and its animation features. Enjoy!,https://img-c.udemycdn.com/course/240x135/1931574_a4f4_2.jpg,https://www.udemy.com/course/powerpoint-for-beginners-free/,0.0,Computer Science,Udemy,"",2022-09-02,India,English,500,4,false,Videos,Neesham,0,0,https://img-c.udemycdn.com/course/125_H/1931574_a4f4_2.jpg,0
220,Developing APIs with Google Cloud's Apigee API Platform,Google Cloud,16k,"","",https://www.coursera.org/search?query=Developing APIs with Google Cloud's Apigee API Platform,4.6,Computer Science,Coursera,Google Cloud,2022-08-18,India,English,0,4,false,Videos,Neesham,0,0,,0
984,Mastering Data Structures & Algorithms using C and C++,Abdul Bari,0,You may be new to Data Structure or you have already Studied and Implemented Data Structures but still you feel you need to learn more about Data Structure in detail so that it helps you solve challenging problems and used Data Structure efficiently.,https://res.cloudinary.com/hire-easy/image/upload/v1662629089/abdul_bari_btphj5.jpg,https://www.udemy.com/course/datastructurescncpp/,4.0,Computer Science,Udemy,"",2022-09-08,India,English,499,4,true,Videos,Neesham,0,0,https://res.cloudinary.com/hire-easy/image/upload/v1662629089/abdul_bari_btphj5.jpg,0
227,Digital Advertising Strategy,University of Colorado Boulder,9k,"","",https://www.coursera.org/search?query=Digital Advertising Strategy,4.4,Computer Science,Coursera,University of Colorado Boulder,2022-08-18,India,English,0,4,false,Videos,Neesham,0,0,,0
228,Digital Business Models,Lund University,21k,"","",https://www.coursera.org/search?query=Digital Business Models,4.5,Computer Science,Coursera,Lund University,2022-08-18,India,English,0,4,false,Videos,Neesham,0,0,,0
230,Digital Marketing,University of Illinois at Urbana-Champaign,380k,"","",https://www.coursera.org/search?query=Digital Marketing,4.6,Computer Science,Coursera,University of Illinois at Urbana-Champaign,2022-08-18,India,English,0,4,false,Videos,Neesham,0,0,,0
231,Digital Media and Marketing Strategies,University of Illinois at Urbana-Champaign,57k,"","",https://www.coursera.org/search?query=Digital Media and Marketing Strategies,4.4,Computer Science,Coursera,University of Illinois at Urbana-Champaign,2022-08-18,India,English,0,4,false,Videos,Neesham,0,0,,0
958,Practical PHP: Master the Basics and Code Dynamic Websites,Brad Hussey,712826,Code Your Very Own Dynamic Websites by Learning PHP Through Real-World Application & Examples,https://img-c.udemycdn.com/course/240x135/130064_22b3_12.jpg,https://www.udemy.com/course/code-dynamic-websites/,4.0,Computer Science,Udemy,"",2022-09-02,India,English,500,4,false,Videos,Neesham,0,0,https://img-c.udemycdn.com/course/125_H/130064_22b3_12.jpg,0
960,Python for linear algebra (for absolute beginners),Mike X Cohen,536911,Dip your feet into the amazing world of using Python code to understand vectors and matrices.,https://img-c.udemycdn.com/course/240x135/3231569_bf57_3.jpg,https://www.udemy.com/course/test-the-pyla-waters/,0.0,Computer Science,Udemy,"",2022-09-02,India,English,500,4,false,Videos,Neesham,0,0,https://img-c.udemycdn.com/course/125_H/3231569_bf57_3.jpg,0
961,Python from Beginner to Intermediate in 30 min.,Gautam Devaraj,174052,Complete Python Programming in 30 min - Get ready for Advanced Concepts.,https://img-c.udemycdn.com/course/240x135/702210_5ec0_3.jpg,https://www.udemy.com/course/python-from-beginner-to-expert-starter-free/,4.0,Computer Science,Udemy,"",2022-09-02,India,English,500,4,false,Videos,Neesham,0,0,https://img-c.udemycdn.com/course/125_H/702210_5ec0_3.jpg,0
962,R Basics - R Programming Language Introduction,R-Tutorials Training,192562,Learn the essentials of R Programming - R Beginner Level!,https://img-c.udemycdn.com/course/240x135/236676_881e_4.jpg,https://www.udemy.com/course/r-basics/,1.0,Computer Science,Udemy,"",2022-09-02,India,English,500,4,false,Videos,Neesham,0,0,https://img-c.udemycdn.com/course/125_H/236676_881e_4.jpg,0
963,React JS Frontend Web Development for Beginners,Ryan Dhungel,704373,Learn React JS along with Modern JavaScript from absolute scratch. This course is a getting started guide for beginners.,https://img-c.udemycdn.com/course/240x135/2222856_2303.jpg,https://www.udemy.com/course/react-tutorial/,4.0,Computer Science,Udemy,"",2022-09-02,India,English,500,4,false,Videos,Neesham,0,0,https://img-c.udemycdn.com/course/125_H/2222856_2303.jpg,0
964,SEO Mini Course For Beginners 2022 - Learn The Basics,Joshua George,928391,Learn How To Rank Your Website On Page 1 in Google. Learn From The Owner Of the Leading SEO Agency In London.,https://img-c.udemycdn.com/course/240x135/3123916_970e_3.jpg,https://www.udemy.com/course/seo-training-for-beginners/,2.0,Computer Science,Udemy,"",2022-09-02,India,English,500,4,false,Videos,Neesham,0,0,https://img-c.udemycdn.com/course/125_H/3123916_970e_3.jpg,0
965,SEO Training Course by Moz,Moz moz,109374,Learn SEO tips and tricks in this SEO training course from Moz,https://img-c.udemycdn.com/course/240x135/11331_b1c4_9.jpg,https://www.udemy.com/course/whiteboard-seo/,4.0,Computer Science,Udemy,"",2022-09-02,India,English,500,4,false,Videos,Neesham,0,0,https://img-c.udemycdn.com/course/125_H/11331_b1c4_9.jpg,0
966,SEO Tutorial for Beginners,Daragh Walsh,152255,"Learn the basics to SEO Optimise Your Site, Get to the Top of Google and Increase Sales!",https://img-b.udemycdn.com/course/240x135/466000_ba10.jpg,https://www.udemy.com/course/seo-tutorial/,0.0,Computer Science,Udemy,"",2022-09-02,India,English,500,4,false,Videos,Neesham,0,0,https://img-b.udemycdn.com/course/125_H/466000_ba10.jpg,0
967,Scratch Game Programming,Al Sweigart,795075,A fun guide to programming for parents & teachers who want to help kids learn to code.,https://img-c.udemycdn.com/course/240x135/830298_f8f8_4.jpg,https://www.udemy.com/course/scratch-game-programming/,1.0,Computer Science,Udemy,"",2022-09-02,India,English,500,4,false,Videos,Neesham,0,0,https://img-c.udemycdn.com/course/125_H/830298_f8f8_4.jpg,0
969,Spiritual Interpretation of Numerology's Divine Messages.,Nickolas Mparalos,806682,"Learn to interpretate messages from the Divine Expressions such as Guardian Angels, Spiritual Guides & Ascended Masters.",https://img-c.udemycdn.com/course/240x135/4564586_18ff.jpg,https://www.udemy.com/course/spiritual-interpretation-of-numerologys-divine-messages/,4.0,Computer Science,Udemy,"",2022-09-02,India,English,500,4,false,Videos,Neesham,0,0,https://img-c.udemycdn.com/course/125_H/4564586_18ff.jpg,0
970,Statistics and data literacy for non-statisticians,Mike X Cohen,699832,Learn the key terms and analysis methods in statistics,https://img-c.udemycdn.com/course/240x135/3212317_d119_3.jpg,https://www.udemy.com/course/statistics-literacy-for-non-statisticians/,4.0,Computer Science,Udemy,"",2022-09-02,India,English,500,4,false,Videos,Neesham,0,0,https://img-c.udemycdn.com/course/125_H/3212317_d119_3.jpg,0
971,Stock Market Investing for Beginners,John Ducas,830682,"Learn all the Basics of the Stock Market, through comprehensive, interesting and fun lectures!",https://img-c.udemycdn.com/course/240x135/133536_a292_11.jpg,https://www.udemy.com/course/the-beginners-guide-to-the-stock-market/,1.0,Computer Science,Udemy,"",2022-09-02,India,English,500,4,false,Videos,Neesham,0,0,https://img-c.udemycdn.com/course/125_H/133536_a292_11.jpg,0
972,TOTAL Python: Become an Advanced Python Developer in 16 days,Federico Garay,200384,"One REAL Python project per day. From ZERO to Facial Recognition. Machine Learning, Data Science, Django, IGU, Games+",https://img-c.udemycdn.com/course/240x135/4580634_5d6c.jpg,https://www.udemy.com/course/total-python/,4.0,Computer Science,Udemy,"",2022-09-02,India,English,500,4,false,Videos,Neesham,0,0,https://img-c.udemycdn.com/course/125_H/4580634_5d6c.jpg,0
973,"The Basics of Bitcoin, Cryptocurrency and NFTs",George Levy,256142,"Learn key concepts of Bitcoin, Cryptocurrencies and Non-Fungible Tokens (NFTs) - as easy as 1,2,3!",https://img-c.udemycdn.com/course/240x135/4602486_8556_4.jpg,https://www.udemy.com/course/basics-of-bitcoin-cryptocurrency-nfts/,3.0,Computer Science,Udemy,"",2022-09-02,India,English,500,4,false,Videos,Neesham,0,0,https://img-c.udemycdn.com/course/125_H/4602486_8556_4.jpg,0
974,The Complete 2022 Web Development Bootcamp,Dr. Angela Yu,607845,"Become a Full-Stack Web Developer with just ONE course. HTML, CSS, Javascript, Node, React, MongoDB, Web3 and DApps",https://s.udemycdn.com/premium-clp/1565838/CourseImage-240x135.jpg,https://www.udemy.com/course/the-complete-web-development-bootcamp/,1.0,Computer Science,Udemy,"",2022-09-02,India,English,500,4,false,Videos,Neesham,0,0,https://img-c.udemycdn.com/course/125_H/1565838_e54e_16.jpg,0
975,The Complete JavaScript Course 2022: From Zero to Expert!,Jonas Schmedtmann,886755,"The modern JavaScript course for everyone! Master JavaScript with projects, challenges and theory. Many courses in one!",https://img-c.udemycdn.com/course/240x135/851712_fc61_6.jpg,https://www.udemy.com/course/the-complete-javascript-course/,2.0,Computer Science,Udemy,"",2022-09-02,India,English,500,4,false,Videos,Neesham,0,0,https://img-c.udemycdn.com/course/125_H/851712_fc61_6.jpg,0
986,Flutter Essential,Vincenzo Guzzi,0,"Build for both iOS and Android with Flutter! Flutter is a new and exciting software development toolkit that lets you target multiple platforms at once, so you can build apps for iOS, Android and even web and desktop, all from a single codebase.",https://res.cloudinary.com/hire-easy/image/upload/v1662629699/flutter_q0avvn.jpg,https://www.raywenderlich.com/books/flutter-apprentice/v2.0,4.0,Computer Science,raywenderlich.com,"",2022-09-08,India,English,0,4,true,Textual,Neesham,0,0,https://res.cloudinary.com/hire-easy/image/upload/v1662629699/flutter_q0avvn.jpg,0
265,Enterprise Architecture,Peter the Great St. Petersburg Polytechnic University,2.4k,"","",https://www.coursera.org/search?query=Enterprise Architecture,4.4,Computer Science,Coursera,Peter the Great St. Petersburg Polytechnic University,2022-08-18,India,English,0,4,false,Videos,Neesham,0,0,,0
977,Ultimate AWS Certified Solutions Architect Associate 2022,"Stephane Maarek | AWS Certified Cloud Practitioner,Solutions Architect,Developer",777410,Full Practice Exam | Learn Cloud Computing | Pass the AWS Certified Solutions Architect Associate Certification SAA-C02!,https://img-c.udemycdn.com/course/240x135/2196488_8fc7_8.jpg,https://www.udemy.com/course/aws-certified-solutions-architect-associate-saa-c03/,3.0,Computer Science,Udemy,"",2022-09-02,India,English,500,4,false,Videos,Neesham,0,0,https://img-c.udemycdn.com/course/125_H/2196488_8fc7_8.jpg,3
976,The Complete SQL Bootcamp 2022: Go from Zero to Hero,Jose Portilla,40526,Become an expert at SQL!,https://img-c.udemycdn.com/course/240x135/762616_7693_3.jpg,https://www.udemy.com/course/the-complete-sql-bootcamp/,3.0,Computer Science,Udemy,"",2022-09-02,India,English,500,4,false,Videos,Neesham,0,0,https://img-c.udemycdn.com/course/125_H/762616_7693_3.jpg,3
981,[NEW] Ultimate AWS Certified Cloud Practitioner - 2022,"Stephane Maarek | AWS Certified Cloud Practitioner,Solutions Architect,Developer",194412,Full Practice Exam included + explanations | Learn Cloud Computing | Pass the AWS Cloud Practitioner CLF-C01 exam!,https://img-c.udemycdn.com/course/240x135/3142166_a637_2.jpg,https://www.udemy.com/course/aws-certified-cloud-practitioner-new/,5.0,Computer Science,Udemy,"",2022-09-02,India,English,500,4,false,Videos,Neesham,0,0,https://img-c.udemycdn.com/course/125_H/3142166_a637_2.jpg,0
296,Excel to MySQL: Analytic Techniques for Business,Duke University,490k,"","",https://www.coursera.org/search?query=Excel to MySQL: Analytic Techniques for Business,4.6,Computer Science,Coursera,Duke University,2022-08-18,India,English,0,4,false,Videos,Neesham,0,0,,0
299,Executive Data Science,Johns Hopkins University,170k,"","",https://www.coursera.org/search?query=Executive Data Science,4.5,Computer Science,Coursera,Johns Hopkins University,2022-08-18,India,English,0,4,false,Videos,Neesham,0,0,,0
987,Introduction to Statistics,Guenther Walther,0,"Stanford's ""Introduction to Statistics"" teaches you statistical thinking concepts that are essential for learning from data and communicating insights. By the end of the course, you will be able to perform exploratory data analysis, understand key principles of sampling, and select appropriate tests of significance for multiple contexts. You will gain the foundational skills that prepare you to pursue more advanced topics in statistical thinking and machine learning.",,https://www.coursera.org/learn/stanford-statistics,4.0,Math,Coursera,"",2022-09-08,India,English,0,4,true,Videos,Neesham,0,0,,0
308,Finance for Non-Financial Managers,Emory University,12k,"","",https://www.coursera.org/search?query=Finance for Non-Financial Managers,4.4,Computer Science,Coursera,Emory University,2022-08-18,India,English,0,4,false,Videos,Neesham,0,0,,0
334,From Data to Insights with Google Cloud Platform,Google Cloud,26k,"","",https://www.coursera.org/search?query=From Data to Insights with Google Cloud Platform,4.6,Computer Science,Coursera,Google Cloud,2022-08-18,India,English,0,4,false,Videos,Neesham,0,0,,0
354,Fundamentals of Visualization with Tableau,"University of California, Davis",81k,"","",https://www.coursera.org/search?query=Fundamentals of Visualization with Tableau,4.5,Computer Science,Coursera,"University of California, Davis",2022-08-18,India,English,0,4,false,Videos,Neesham,0,0,,0
365,Game Theory,Stanford University,260k,"","",https://www.coursera.org/search?query=Game Theory,4.6,Computer Science,Coursera,Stanford University,2022-08-18,India,English,0,4,false,Videos,Neesham,0,0,,0
368,Genomic Data Science,Johns Hopkins University,80k,"","",https://www.coursera.org/search?query=Genomic Data Science,4.4,Computer Science,Coursera,Johns Hopkins University,2022-08-18,India,English,0,4,false,Videos,Neesham,0,0,,0
370,Geopolitics of Europe,Sciences Po,19k,"","",https://www.coursera.org/search?query=Geopolitics of Europe,4.3,Computer Science,Coursera,Sciences Po,2022-08-18,India,English,0,4,false,Videos,Neesham,0,0,,0
375,Getting Started with AWS Machine Learning,Amazon Web Services,73k,"","",https://www.coursera.org/search?query=Getting Started with AWS Machine Learning,4.5,Computer Science,Coursera,Amazon Web Services,2022-08-18,India,English,0,4,false,Videos,Neesham,0,0,,0
376,Getting Started with Go,"University of California, Irvine",59k,"","",https://www.coursera.org/search?query=Getting Started with Go,4.6,Computer Science,Coursera,"University of California, Irvine",2022-08-18,India,English,0,4,false,Videos,Neesham,0,0,,0
378,Getting Started with Google Sheets,Google Cloud,18k,"","",https://www.coursera.org/search?query=Getting Started with Google Sheets,4.6,Computer Science,Coursera,Google Cloud,2022-08-18,India,English,0,4,false,Videos,Neesham,0,0,,0
382,Global Energy and Climate Policy,SOAS University of London,10k,"","",https://www.coursera.org/search?query=Global Energy and Climate Policy,4.5,Computer Science,Coursera,SOAS University of London,2022-08-18,India,English,0,4,false,Videos,Neesham,0,0,,0
389,Google Cloud Platform Big Data and Machine Learning Fundamentals,Google Cloud,120k,"","",https://www.coursera.org/search?query=Google Cloud Platform Big Data and Machine Learning Fundamentals,4.6,Computer Science,Coursera,Google Cloud,2022-08-18,India,English,0,4,false,Videos,Neesham,0,0,,0
407,Healthcare Marketplace,University of Minnesota,36k,"","",https://www.coursera.org/search?query=Healthcare Marketplace,4.4,Computer Science,Coursera,University of Minnesota,2022-08-18,India,English,0,4,false,Videos,Neesham,0,0,,0
413,How To Create a Website in a Weekend! (Project-Centered Course),The State University of New York,140k,"","",https://www.coursera.org/search?query=How To Create a Website in a Weekend! (Project-Centered Course),3.3,Computer Science,Coursera,The State University of New York,2022-08-18,India,English,0,4,false,Videos,Neesham,0,0,,0
416,IBM AI Engineering,IBM,140k,"","",https://www.coursera.org/search?query=IBM AI Engineering,4.6,Computer Science,Coursera,IBM,2022-08-18,India,English,0,4,false,Videos,Neesham,0,0,,0
417,IBM AI Enterprise Workflow,IBM,3.5k,"","",https://www.coursera.org/search?query=IBM AI Enterprise Workflow,4.4,Computer Science,Coursera,IBM,2022-08-18,India,English,0,4,false,Videos,Neesham,0,0,,0
418,IBM Applied AI,IBM,220k,"","",https://www.coursera.org/search?query=IBM Applied AI,4.6,Computer Science,Coursera,IBM,2022-08-18,India,English,0,4,false,Videos,Neesham,0,0,,0
420,IBM Data Science,IBM,480k,"","",https://www.coursera.org/search?query=IBM Data Science,4.6,Computer Science,Coursera,IBM,2022-08-18,India,English,0,4,false,Videos,Neesham,0,0,,0
421,IT Fundamentals for Cybersecurity,IBM,35k,"","",https://www.coursera.org/search?query=IT Fundamentals for Cybersecurity,4.5,Computer Science,Coursera,IBM,2022-08-18,India,English,0,4,false,Videos,Neesham,0,0,,0
428,Improving Leadership & Governance in Nonprofit Organizations,Luther College at the University of Regina,18k,"","",https://www.coursera.org/search?query=Improving Leadership & Governance in Nonprofit Organizations,4.4,Computer Science,Coursera,Luther College at the University of Regina,2022-08-18,India,English,0,4,false,Videos,Neesham,0,0,,0
431,Industrial IoT on Google Cloud Platform,Google Cloud,34k,"","",https://www.coursera.org/search?query=Industrial IoT on Google Cloud Platform,4.5,Computer Science,Coursera,Google Cloud,2022-08-18,India,English,0,4,false,Videos,Neesham,0,0,,0
433,Influencer Marketing Strategy,Rutgers the State University of New Jersey,12k,"","",https://www.coursera.org/search?query=Influencer Marketing Strategy,4.4,Computer Science,Coursera,Rutgers the State University of New Jersey,2022-08-18,India,English,0,4,false,Videos,Neesham,0,0,,0
436,Information Visualization,New York University,10k,"","",https://www.coursera.org/search?query=Information Visualization,4.6,Computer Science,Coursera,New York University,2022-08-18,India,English,0,4,false,Videos,Neesham,0,0,,0
452,International Cyber Conflicts,The State University of New York,25k,"","",https://www.coursera.org/search?query=International Cyber Conflicts,4.4,Computer Science,Coursera,The State University of New York,2022-08-18,India,English,0,4,false,Videos,Neesham,0,0,,0
466,Introducción a la programación en Python I: Aprendiendo a programar con Python,Pontificia Universidad Católica de Chile,100k,"","",https://www.coursera.org/search?query=Introducción a la programación en Python I: Aprendiendo a programar con Python,4.4,Computer Science,Coursera,Pontificia Universidad Católica de Chile,2022-08-18,India,English,0,4,false,Videos,Neesham,0,0,,0
470,Introduction to Big Data,University of California San Diego,160k,"","",https://www.coursera.org/search?query=Introduction to Big Data,4.6,Computer Science,Coursera,University of California San Diego,2022-08-18,India,English,0,4,false,Videos,Neesham,0,0,,0
478,Introduction to Cloud Computing,IBM,2.6k,"","",https://www.coursera.org/search?query=Introduction to Cloud Computing,4.6,Computer Science,Coursera,IBM,2022-08-18,India,English,0,4,false,Videos,Neesham,0,0,,0
479,Introduction to Computer Programming,"Goldsmiths, University of London",20k,"","",https://www.coursera.org/search?query=Introduction to Computer Programming,4.3,Computer Science,Coursera,"Goldsmiths, University of London",2022-08-18,India,English,0,4,false,Videos,Neesham,0,0,,0
480,Introduction to Computer Science and Programming,"Goldsmiths, University of London",32k,"","",https://www.coursera.org/search?query=Introduction to Computer Science and Programming,4.3,Computer Science,Coursera,"Goldsmiths, University of London",2022-08-18,India,English,0,4,false,Videos,Neesham,0,0,,0
484,Introduction to Cybersecurity Tools & Cyber Attacks,IBM,30k,"","",https://www.coursera.org/search?query=Introduction to Cybersecurity Tools & Cyber Attacks,4.5,Computer Science,Coursera,IBM,2022-08-18,India,English,0,4,false,Videos,Neesham,0,0,,0
486,Introduction to Data Science,IBM,310k,"","",https://www.coursera.org/search?query=Introduction to Data Science,4.6,Computer Science,Coursera,IBM,2022-08-18,India,English,0,4,false,Videos,Neesham,0,0,,0
487,Introduction to Data Science in Python,University of Michigan,390k,"","",https://www.coursera.org/search?query=Introduction to Data Science in Python,4.5,Computer Science,Coursera,University of Michigan,2022-08-18,India,English,0,4,false,Videos,Neesham,0,0,,0
489,Introduction to Discrete Mathematics for Computer Science,National Research University Higher School of Economics,75k,"","",https://www.coursera.org/search?query=Introduction to Discrete Mathematics for Computer Science,4.4,Computer Science,Coursera,National Research University Higher School of Economics,2022-08-18,India,English,0,4,false,Videos,Neesham,0,0,,0
506,Introduction to Personal Branding,University of Virginia,140k,"","",https://www.coursera.org/search?query=Introduction to Personal Branding,4.4,Computer Science,Coursera,University of Virginia,2022-08-18,India,English,0,4,false,Videos,Neesham,0,0,,0
507,Introduction to Philosophy,The University of Edinburgh,370k,"","",https://www.coursera.org/search?query=Introduction to Philosophy,4.6,Computer Science,Coursera,The University of Edinburgh,2022-08-18,India,English,0,4,false,Videos,Neesham,0,0,,0
515,Introduction to Spreadsheets and Models,University of Pennsylvania,76k,"","",https://www.coursera.org/search?query=Introduction to Spreadsheets and Models,4.2,Computer Science,Coursera,University of Pennsylvania,2022-08-18,India,English,0,4,false,Videos,Neesham,0,0,,0
522,"Introduction to Trading, Machine Learning & GCP",New York Institute of Finance,13k,"","","https://www.coursera.org/search?query=Introduction to Trading, Machine Learning & GCP",4.0,Computer Science,Coursera,New York Institute of Finance,2022-08-18,India,English,0,4,false,Videos,Neesham,0,0,,0
532,Investment Management with Python and Machine Learning,EDHEC Business School,14k,"","",https://www.coursera.org/search?query=Investment Management with Python and Machine Learning,4.6,Computer Science,Coursera,EDHEC Business School,2022-08-18,India,English,0,4,false,Videos,Neesham,0,0,,0
535,Java Programming and Software Engineering Fundamentals,Duke University,380k,"","",https://www.coursera.org/search?query=Java Programming and Software Engineering Fundamentals,4.6,Computer Science,Coursera,Duke University,2022-08-18,India,English,0,4,false,Videos,Neesham,0,0,,0
536,Java Programming: Solving Problems with Software,Duke University,160k,"","",https://www.coursera.org/search?query=Java Programming: Solving Problems with Software,4.6,Computer Science,Coursera,Duke University,2022-08-18,India,English,0,4,false,Videos,Neesham,0,0,,0
548,Learn English,Tsinghua University,22k,"","",https://www.coursera.org/search?query=Learn English,4.3,Computer Science,Coursera,Tsinghua University,2022-08-18,India,English,0,4,false,Videos,Neesham,0,0,,0
553,Learn SQL Basics for Data Science,"University of California, Davis",160k,"","",https://www.coursera.org/search?query=Learn SQL Basics for Data Science,4.6,Computer Science,Coursera,"University of California, Davis",2022-08-18,India,English,0,4,false,Videos,Neesham,0,0,,0
563,Machine Learning,University of Washington,290k,"","",https://www.coursera.org/search?query=Machine Learning,4.6,Computer Science,Coursera,University of Washington,2022-08-18,India,English,0,4,false,Videos,Neesham,0,0,,0
565,Machine Learning Foundations: A Case Study Approach,University of Washington,240k,"","",https://www.coursera.org/search?query=Machine Learning Foundations: A Case Study Approach,4.6,Computer Science,Coursera,University of Washington,2022-08-18,India,English,0,4,false,Videos,Neesham,0,0,,0
566,Machine Learning and Reinforcement Learning in Finance,New York University,29k,"","",https://www.coursera.org/search?query=Machine Learning and Reinforcement Learning in Finance,3.7,Computer Science,Coursera,New York University,2022-08-18,India,English,0,4,false,Videos,Neesham,0,0,,0
567,Machine Learning for All,University of London,19k,"","",https://www.coursera.org/search?query=Machine Learning for All,4.6,Computer Science,Coursera,University of London,2022-08-18,India,English,0,4,false,Videos,Neesham,0,0,,0
568,Machine Learning for Business Professionals,Google Cloud,58k,"","",https://www.coursera.org/search?query=Machine Learning for Business Professionals,4.6,Computer Science,Coursera,Google Cloud,2022-08-18,India,English,0,4,false,Videos,Neesham,0,0,,0
569,Machine Learning for Trading,Google Cloud,15k,"","",https://www.coursera.org/search?query=Machine Learning for Trading,3.9,Computer Science,Coursera,Google Cloud,2022-08-18,India,English,0,4,false,Videos,Neesham,0,0,,0
571,Machine Learning with TensorFlow on Google Cloud Platform,Google Cloud,72k,"","",https://www.coursera.org/search?query=Machine Learning with TensorFlow on Google Cloud Platform,4.5,Computer Science,Coursera,Google Cloud,2022-08-18,India,English,0,4,false,Videos,Neesham,0,0,,0
848,User Interface Design,University of Minnesota,43k,"","",https://www.coursera.org/search?query=User Interface Design,4.6,Computer Science,Coursera,University of Minnesota,2022-08-18,India,English,0,4,false,Videos,Neesham,0,0,,0
586,Marketing Strategy,IE Business School,57k,"","",https://www.coursera.org/search?query=Marketing Strategy,4.4,Computer Science,Coursera,IE Business School,2022-08-18,India,English,0,4,false,Videos,Neesham,0,0,,0
588,Marketing con Redes Sociales,Tecnológico de Monterrey,60k,"","",https://www.coursera.org/search?query=Marketing con Redes Sociales,4.4,Computer Science,Coursera,Tecnológico de Monterrey,2022-08-18,India,English,0,4,false,Videos,Neesham,0,0,,0
590,Mastering Data Analysis in Excel,Duke University,280k,"","",https://www.coursera.org/search?query=Mastering Data Analysis in Excel,4.2,Computer Science,Coursera,Duke University,2022-08-18,India,English,0,4,false,Videos,Neesham,0,0,,0
592,Mastering Software Development in R,Johns Hopkins University,52k,"","",https://www.coursera.org/search?query=Mastering Software Development in R,4.3,Computer Science,Coursera,Johns Hopkins University,2022-08-18,India,English,0,4,false,Videos,Neesham,0,0,,0
594,Mathematics for Data Science,National Research University Higher School of Economics,12k,"","",https://www.coursera.org/search?query=Mathematics for Data Science,4.5,Computer Science,Coursera,National Research University Higher School of Economics,2022-08-18,India,English,0,4,false,Videos,Neesham,0,0,,0
595,Mathematics for Machine Learning,Imperial College London,150k,"","",https://www.coursera.org/search?query=Mathematics for Machine Learning,4.6,Computer Science,Coursera,Imperial College London,2022-08-18,India,English,0,4,false,Videos,Neesham,0,0,,0
598,Mathematics for Machine Learning: PCA,Imperial College London,33k,"","",https://www.coursera.org/search?query=Mathematics for Machine Learning: PCA,4.0,Computer Science,Coursera,Imperial College London,2022-08-18,India,English,0,4,false,Videos,Neesham,0,0,,0
601,Memoir and Personal Essay: Write About Yourself,Wesleyan University,13k,"","",https://www.coursera.org/search?query=Memoir and Personal Essay: Write About Yourself,4.3,Computer Science,Coursera,Wesleyan University,2022-08-18,India,English,0,4,false,Videos,Neesham,0,0,,0
621,Natural Language Processing in TensorFlow,deeplearning.ai,40k,"","",https://www.coursera.org/search?query=Natural Language Processing in TensorFlow,4.6,Computer Science,Coursera,deeplearning.ai,2022-08-18,India,English,0,4,false,Videos,Neesham,0,0,,0
633,Object Oriented Programming in Java,Duke University,330k,"","",https://www.coursera.org/search?query=Object Oriented Programming in Java,4.6,Computer Science,Coursera,Duke University,2022-08-18,India,English,0,4,false,Videos,Neesham,0,0,,0
637,"Open Source Software Development, Linux and Git",The Linux Foundation,13k,"","","https://www.coursera.org/search?query=Open Source Software Development, Linux and Git",4.4,Computer Science,Coursera,The Linux Foundation,2022-08-18,India,English,0,4,false,Videos,Neesham,0,0,,0
638,Operating Systems and You: Becoming a Power User,Google,76k,"","",https://www.coursera.org/search?query=Operating Systems and You: Becoming a Power User,4.6,Computer Science,Coursera,Google,2022-08-18,India,English,0,4,false,Videos,Neesham,0,0,,0
640,Optical Engineering,University of Colorado Boulder,6.2k,"","",https://www.coursera.org/search?query=Optical Engineering,4.2,Computer Science,Coursera,University of Colorado Boulder,2022-08-18,India,English,0,4,false,Videos,Neesham,0,0,,0
676,Project Execution,"University of California, Irvine",70k,"","",https://www.coursera.org/search?query=Project Execution,4.2,Computer Science,Coursera,"University of California, Irvine",2022-08-18,India,English,0,4,false,Videos,Neesham,0,0,,0
686,Python and Statistics for Financial Analysis,The Hong Kong University of Science and Technology,41k,"","",https://www.coursera.org/search?query=Python and Statistics for Financial Analysis,4.4,Computer Science,Coursera,The Hong Kong University of Science and Technology,2022-08-18,India,English,0,4,false,Videos,Neesham,0,0,,0
693,Recommender Systems,University of Minnesota,29k,"","",https://www.coursera.org/search?query=Recommender Systems,4.3,Computer Science,Coursera,University of Minnesota,2022-08-18,India,English,0,4,false,Videos,Neesham,0,0,,0
701,Responsive Website Development and Design,"Goldsmiths, University of London",170k,"","",https://www.coursera.org/search?query=Responsive Website Development and Design,4.5,Computer Science,Coursera,"Goldsmiths, University of London",2022-08-18,India,English,0,4,false,Videos,Neesham,0,0,,0
704,Robotics,University of Pennsylvania,120k,"","",https://www.coursera.org/search?query=Robotics,4.4,Computer Science,Coursera,University of Pennsylvania,2022-08-18,India,English,0,4,false,Videos,Neesham,0,0,,0
712,Sales Operations/Management,West Virginia University,5.6k,"","",https://www.coursera.org/search?query=Sales Operations/Management,4.4,Computer Science,Coursera,West Virginia University,2022-08-18,India,English,0,4,false,Videos,Neesham,0,0,,0
719,Secure Coding Practices,"University of California, Davis",6.4k,"","",https://www.coursera.org/search?query=Secure Coding Practices,4.4,Computer Science,Coursera,"University of California, Davis",2022-08-18,India,English,0,4,false,Videos,Neesham,0,0,,0
755,Strategic Business Analytics,ESSEC Business School,60k,"","",https://www.coursera.org/search?query=Strategic Business Analytics,4.3,Computer Science,Coursera,ESSEC Business School,2022-08-18,India,English,0,4,false,Videos,Neesham,0,0,,0
774,Survey Data Collection and Analytics,"University of Maryland, College Park",45k,"","",https://www.coursera.org/search?query=Survey Data Collection and Analytics,4.3,Computer Science,Coursera,"University of Maryland, College Park",2022-08-18,India,English,0,4,false,Videos,Neesham,0,0,,0
776,Swift 5 iOS Application Developer,LearnQuest,3.9k,"","",https://www.coursera.org/search?query=Swift 5 iOS Application Developer,4.5,Computer Science,Coursera,LearnQuest,2022-08-18,India,English,0,4,false,Videos,Neesham,0,0,,0
778,Systems Biology and Biotechnology,Icahn School of Medicine at Mount Sinai,48k,"","",https://www.coursera.org/search?query=Systems Biology and Biotechnology,4.4,Computer Science,Coursera,Icahn School of Medicine at Mount Sinai,2022-08-18,India,English,0,4,false,Videos,Neesham,0,0,,0
783,Teach English Now! Teaching Language Online,Arizona State University,8.5k,"","",https://www.coursera.org/search?query=Teach English Now! Teaching Language Online,4.4,Computer Science,Coursera,Arizona State University,2022-08-18,India,English,0,4,false,Videos,Neesham,0,0,,0
788,TensorFlow: Data and Deployment,deeplearning.ai,12k,"","",https://www.coursera.org/search?query=TensorFlow: Data and Deployment,4.5,Computer Science,Coursera,deeplearning.ai,2022-08-18,India,English,0,4,false,Videos,Neesham,0,0,,0
800,The Data Scientist’s Toolbox,Johns Hopkins University,420k,"","",https://www.coursera.org/search?query=The Data Scientist’s Toolbox,4.6,Computer Science,Coursera,Johns Hopkins University,2022-08-18,India,English,0,4,false,Videos,Neesham,0,0,,0
825,Tools for Data Science,IBM,120k,"","",https://www.coursera.org/search?query=Tools for Data Science,4.6,Computer Science,Coursera,IBM,2022-08-18,India,English,0,4,false,Videos,Neesham,0,0,,0
826,Trading Strategies in Emerging Markets,Indian School of Business,68k,"","",https://www.coursera.org/search?query=Trading Strategies in Emerging Markets,4.3,Computer Science,Coursera,Indian School of Business,2022-08-18,India,English,0,4,false,Videos,Neesham,0,0,,0
838,Understanding Modern Finance,American Institute of Business and Economics,11k,"","",https://www.coursera.org/search?query=Understanding Modern Finance,4.4,Computer Science,Coursera,American Institute of Business and Economics,2022-08-18,India,English,0,4,false,Videos,Neesham,0,0,,0
843,Unity Certified Programmer Exam Preparation,Unity,6.1k,"","",https://www.coursera.org/search?query=Unity Certified Programmer Exam Preparation,4.5,Computer Science,Coursera,Unity,2022-08-18,India,English,0,4,false,Videos,Neesham,0,0,,0
844,Unity XR: How to Build AR and VR Apps,Unity,12k,"","",https://www.coursera.org/search?query=Unity XR: How to Build AR and VR Apps,4.2,Computer Science,Coursera,Unity,2022-08-18,India,English,0,4,false,Videos,Neesham,0,0,,0
856,Virtual Teacher,"University of California, Irvine",23k,"","",https://www.coursera.org/search?query=Virtual Teacher,4.3,Computer Science,Coursera,"University of California, Irvine",2022-08-18,India,English,0,4,false,Videos,Neesham,0,0,,0
870,Write Your First Novel,Michigan State University,18k,"","",https://www.coursera.org/search?query=Write Your First Novel,4.4,Computer Science,Coursera,Michigan State University,2022-08-18,India,English,0,4,false,Videos,Neesham,0,0,,0
873,iOS App Development with Swift,University of Toronto,76k,"","",https://www.coursera.org/search?query=iOS App Development with Swift,3.9,Computer Science,Coursera,University of Toronto,2022-08-18,India,English,0,4,false,Videos,Neesham,0,0,,0
980,Web Design for Web Developers: Build Beautiful Websites!,Jonas Schmedtmann,382479,Learn web design in 1 hour with 25+ simple-to-use rules and guidelines — tons of amazing web design resources included!,https://img-c.udemycdn.com/course/240x135/473160_d929_3.jpg,https://www.udemy.com/course/web-design-secrets/,4.0,Computer Science,Udemy,"",2022-09-02,India,English,500,4,false,Videos,Neesham,0,0,https://img-c.udemycdn.com/course/125_H/473160_d929_3.jpg,4
988,Basics of NLP,Abubakar Abid,0,"This course will teach you about natural language processing (NLP) using libraries from the Hugging Face ecosystem — 🤗 Transformers, 🤗 Datasets, 🤗 Tokenizers, and 🤗 Accelerate — as well as the Hugging Face Hub. It’s completely free and without ads.",https://res.cloudinary.com/hire-easy/image/upload/v1668354406/huggingface_fyhlpo.jpg,https://huggingface.co/course/chapter1/1,6.0,Computer Science,Hugging Face,"",2022-11-13,India,English,0,4,false,Videos,Neesham,1,1,https://res.cloudinary.com/hire-easy/image/upload/v1668354406/huggingface_fyhlpo.jpg,6
989,Learn Python,Alexis Cook,0,Learn the most important language for data science.,https://res.cloudinary.com/hire-easy/image/upload/v1668440224/kaggle_llcm0q.jpg,https://www.kaggle.com/learn/python,9.0,Computer Science,Kaggle,"",2022-11-14,India,English,0,4,false,Textual,Neesham,1,1,https://res.cloudinary.com/hire-easy/image/upload/v1668440224/kaggle_llcm0q.jpg,1
990,Intro to Machine Learning,Alexis Cook,0,"Learn the core ideas in machine learning, and build your first models.",https://res.cloudinary.com/hire-easy/image/upload/v1668440224/kaggle_llcm0q.jpg,https://www.kaggle.com/learn/intro-to-machine-learning,8.0,Computer Science,Kaggle,"",2022-11-15,India,English,0,4,false,Textual,Neesham,0,0,https://res.cloudinary.com/hire-easy/image/upload/v1668440224/kaggle_llcm0q.jpg,0
991,Intro to SQL,Alexis Cook,0,"Learn SQL for working with databases, using Google BigQuery.",https://res.cloudinary.com/hire-easy/image/upload/v1668440224/kaggle_llcm0q.jpg,https://www.kaggle.com/learn/intro-to-sql,8.0,Computer Science,Kaggle,"",2022-11-15,India,English,0,4,false,Textual,Neesham,0,0,https://res.cloudinary.com/hire-easy/image/upload/v1668440224/kaggle_llcm0q.jpg,0
992,Nextjs Tutorials,Harry Bhai,0,Best course on youtube for nextjs. It is in the Hindi language. The videos of this course are very interactive.,https://res.cloudinary.com/hire-easy/image/upload/v1668788138/code-with-harry_shr7xi.jpg,https://www.youtube.com/watch?v=DZKOunP-WLQ&list=PLu0W_9lII9agtWvR_TZdb_r0dNI8-lDwG,8.0,Computer Science,YouTube,"",2022-11-18,India,Hindi,0,20,false,Videos,Neesham,0,0,https://res.cloudinary.com/hire-easy/image/upload/v1668788138/code-with-harry_shr7xi.jpg,1
